Date,Year,Quarter,Month Number,Month,Month Year,Year Month,Week,Weekday Number,Weekday,Day
2023-01-01,2023,Q1,1,Jan,Jan 2023,2023-01,52,7,Sun,1
2023-01-02,2023,Q1,1,Jan,Jan 2023,2023-01,1,1,Mon,2
2023-01-03,2023,Q1,1,Jan,Jan 2023,2023-01,1,2,Tue,3
2023-01-04,2023,Q1,1,Jan,Jan 2023,2023-01,1,3,Wed,4
2023-01-05,2023,Q1,1,Jan,Jan 2023,2023-01,1,4,Thu,5
2023-01-06,2023,Q1,1,Jan,Jan 2023,2023-01,1,5,Fri,6
2023-01-07,2023,Q1,1,Jan,Jan 2023,2023-01,1,6,Sat,7
2023-01-08,2023,Q1,1,Jan,Jan 2023,2023-01,1,7,Sun,8
2023-01-09,2023,Q1,1,Jan,Jan 2023,2023-01,2,1,Mon,9
2023-01-10,2023,Q1,1,Jan,Jan 2023,2023-01,2,2,Tue,10
2023-01-11,2023,Q1,1,Jan,Jan 2023,2023-01,2,3,Wed,11
2023-01-12,2023,Q1,1,Jan,Jan 2023,2023-01,2,4,Thu,12
2023-01-13,2023,Q1,1,Jan,Jan 2023,2023-01,2,5,Fri,13
2023-01-14,2023,Q1,1,Jan,Jan 2023,2023-01,2,6,Sat,14
2023-01-15,2023,Q1,1,Jan,Jan 2023,2023-01,2,7,Sun,15
2023-01-16,2023,Q1,1,Jan,Jan 2023,2023-01,3,1,Mon,16
2023-01-17,2023,Q1,1,Jan,Jan 2023,2023-01,3,2,Tue,17
2023-01-18,2023,Q1,1,Jan,Jan 2023,2023-01,3,3,Wed,18
2023-01-19,2023,Q1,1,Jan,Jan 2023,2023-01,3,4,Thu,19
2023-01-20,2023,Q1,1,Jan,Jan 2023,2023-01,3,5,Fri,20
2023-01-21,2023,Q1,1,Jan,Jan 2023,2023-01,3,6,Sat,21
2023-01-22,2023,Q1,1,Jan,Jan 2023,2023-01,3,7,Sun,22
2023-01-23,2023,Q1,1,Jan,Jan 2023,2023-01,4,1,Mon,23
2023-01-24,2023,Q1,1,Jan,Jan 2023,2023-01,4,2,Tue,24
2023-01-25,2023,Q1,1,Jan,Jan 2023,2023-01,4,3,Wed,25
2023-01-26,2023,Q1,1,Jan,Jan 2023,2023-01,4,4,Thu,26
2023-01-27,2023,Q1,1,Jan,Jan 2023,2023-01,4,5,Fri,27
2023-01-28,2023,Q1,1,Jan,Jan 2023,2023-01,4,6,Sat,28
2023-01-29,2023,Q1,1,Jan,Jan 2023,2023-01,4,7,Sun,29
2023-01-30,2023,Q1,1,Jan,Jan 2023,2023-01,5,1,Mon,30
2023-01-31,2023,Q1,1,Jan,Jan 2023,2023-01,5,2,Tue,31
2023-02-01,2023,Q1,2,Feb,Feb 2023,2023-02,5,3,Wed,1
2023-02-02,2023,Q1,2,Feb,Feb 2023,2023-02,5,4,Thu,2
2023-02-03,2023,Q1,2,Feb,Feb 2023,2023-02,5,5,Fri,3
2023-02-04,2023,Q1,2,Feb,Feb 2023,2023-02,5,6,Sat,4
2023-02-05,2023,Q1,2,Feb,Feb 2023,2023-02,5,7,Sun,5
2023-02-06,2023,Q1,2,Feb,Feb 2023,2023-02,6,1,Mon,6
2023-02-07,2023,Q1,2,Feb,Feb 2023,2023-02,6,2,Tue,7
2023-02-08,2023,Q1,2,Feb,Feb 2023,2023-02,6,3,Wed,8
2023-02-09,2023,Q1,2,Feb,Feb 2023,2023-02,6,4,Thu,9
2023-02-10,2023,Q1,2,Feb,Feb 2023,2023-02,6,5,Fri,10
2023-02-11,2023,Q1,2,Feb,Feb 2023,2023-02,6,6,Sat,11
2023-02-12,2023,Q1,2,Feb,Feb 2023,2023-02,6,7,Sun,12
2023-02-13,2023,Q1,2,Feb,Feb 2023,2023-02,7,1,Mon,13
2023-02-14,2023,Q1,2,Feb,Feb 2023,2023-02,7,2,Tue,14
2023-02-15,2023,Q1,2,Feb,Feb 2023,2023-02,7,3,Wed,15
2023-02-16,2023,Q1,2,Feb,Feb 2023,2023-02,7,4,Thu,16
2023-02-17,2023,Q1,2,Feb,Feb 2023,2023-02,7,5,Fri,17
2023-02-18,2023,Q1,2,Feb,Feb 2023,2023-02,7,6,Sat,18
2023-02-19,2023,Q1,2,Feb,Feb 2023,2023-02,7,7,Sun,19
2023-02-20,2023,Q1,2,Feb,Feb 2023,2023-02,8,1,Mon,20
2023-02-21,2023,Q1,2,Feb,Feb 2023,2023-02,8,2,Tue,21
2023-02-22,2023,Q1,2,Feb,Feb 2023,2023-02,8,3,Wed,22
2023-02-23,2023,Q1,2,Feb,Feb 2023,2023-02,8,4,Thu,23
2023-02-24,2023,Q1,2,Feb,Feb 2023,2023-02,8,5,Fri,24
2023-02-25,2023,Q1,2,Feb,Feb 2023,2023-02,8,6,Sat,25
2023-02-26,2023,Q1,2,Feb,Feb 2023,2023-02,8,7,Sun,26
2023-02-27,2023,Q1,2,Feb,Feb 2023,2023-02,9,1,Mon,27
2023-02-28,2023,Q1,2,Feb,Feb 2023,2023-02,9,2,Tue,28
2023-03-01,2023,Q1,3,Mar,Mar 2023,2023-03,9,3,Wed,1
2023-03-02,2023,Q1,3,Mar,Mar 2023,2023-03,9,4,Thu,2
2023-03-03,2023,Q1,3,Mar,Mar 2023,2023-03,9,5,Fri,3
2023-03-04,2023,Q1,3,Mar,Mar 2023,2023-03,9,6,Sat,4
2023-03-05,2023,Q1,3,Mar,Mar 2023,2023-03,9,7,Sun,5
2023-03-06,2023,Q1,3,Mar,Mar 2023,2023-03,10,1,Mon,6
2023-03-07,2023,Q1,3,Mar,Mar 2023,2023-03,10,2,Tue,7
2023-03-08,2023,Q1,3,Mar,Mar 2023,2023-03,10,3,Wed,8
2023-03-09,2023,Q1,3,Mar,Mar 2023,2023-03,10,4,Thu,9
2023-03-10,2023,Q1,3,Mar,Mar 2023,2023-03,10,5,Fri,10
2023-03-11,2023,Q1,3,Mar,Mar 2023,2023-03,10,6,Sat,11
2023-03-12,2023,Q1,3,Mar,Mar 2023,2023-03,10,7,Sun,12
2023-03-13,2023,Q1,3,Mar,Mar 2023,2023-03,11,1,Mon,13
2023-03-14,2023,Q1,3,Mar,Mar 2023,2023-03,11,2,Tue,14
2023-03-15,2023,Q1,3,Mar,Mar 2023,2023-03,11,3,Wed,15
2023-03-16,2023,Q1,3,Mar,Mar 2023,2023-03,11,4,Thu,16
2023-03-17,2023,Q1,3,Mar,Mar 2023,2023-03,11,5,Fri,17
2023-03-18,2023,Q1,3,Mar,Mar 2023,2023-03,11,6,Sat,18
2023-03-19,2023,Q1,3,Mar,Mar 2023,2023-03,11,7,Sun,19
2023-03-20,2023,Q1,3,Mar,Mar 2023,2023-03,12,1,Mon,20
2023-03-21,2023,Q1,3,Mar,Mar 2023,2023-03,12,2,Tue,21
2023-03-22,2023,Q1,3,Mar,Mar 2023,2023-03,12,3,Wed,22
2023-03-23,2023,Q1,3,Mar,Mar 2023,2023-03,12,4,Thu,23
2023-03-24,2023,Q1,3,Mar,Mar 2023,2023-03,12,5,Fri,24
2023-03-25,2023,Q1,3,Mar,Mar 2023,2023-03,12,6,Sat,25
2023-03-26,2023,Q1,3,Mar,Mar 2023,2023-03,12,7,Sun,26
2023-03-27,2023,Q1,3,Mar,Mar 2023,2023-03,13,1,Mon,27
2023-03-28,2023,Q1,3,Mar,Mar 2023,2023-03,13,2,Tue,28
2023-03-29,2023,Q1,3,Mar,Mar 2023,2023-03,13,3,Wed,29
2023-03-30,2023,Q1,3,Mar,Mar 2023,2023-03,13,4,Thu,30
2023-03-31,2023,Q1,3,Mar,Mar 2023,2023-03,13,5,Fri,31
2023-04-01,2023,Q2,4,Apr,Apr 2023,2023-04,13,6,Sat,1
2023-04-02,2023,Q2,4,Apr,Apr 2023,2023-04,13,7,Sun,2
2023-04-03,2023,Q2,4,Apr,Apr 2023,2023-04,14,1,Mon,3
2023-04-04,2023,Q2,4,Apr,Apr 2023,2023-04,14,2,Tue,4
2023-04-05,2023,Q2,4,Apr,Apr 2023,2023-04,14,3,Wed,5
2023-04-06,2023,Q2,4,Apr,Apr 2023,2023-04,14,4,Thu,6
2023-04-07,2023,Q2,4,Apr,Apr 2023,2023-04,14,5,Fri,7
2023-04-08,2023,Q2,4,Apr,Apr 2023,2023-04,14,6,Sat,8
2023-04-09,2023,Q2,4,Apr,Apr 2023,2023-04,14,7,Sun,9
2023-04-10,2023,Q2,4,Apr,Apr 2023,2023-04,15,1,Mon,10
2023-04-11,2023,Q2,4,Apr,Apr 2023,2023-04,15,2,Tue,11
2023-04-12,2023,Q2,4,Apr,Apr 2023,2023-04,15,3,Wed,12
2023-04-13,2023,Q2,4,Apr,Apr 2023,2023-04,15,4,Thu,13
2023-04-14,2023,Q2,4,Apr,Apr 2023,2023-04,15,5,Fri,14
2023-04-15,2023,Q2,4,Apr,Apr 2023,2023-04,15,6,Sat,15
2023-04-16,2023,Q2,4,Apr,Apr 2023,2023-04,15,7,Sun,16
2023-04-17,2023,Q2,4,Apr,Apr 2023,2023-04,16,1,Mon,17
2023-04-18,2023,Q2,4,Apr,Apr 2023,2023-04,16,2,Tue,18
2023-04-19,2023,Q2,4,Apr,Apr 2023,2023-04,16,3,Wed,19
2023-04-20,2023,Q2,4,Apr,Apr 2023,2023-04,16,4,Thu,20
2023-04-21,2023,Q2,4,Apr,Apr 2023,2023-04,16,5,Fri,21
2023-04-22,2023,Q2,4,Apr,Apr 2023,2023-04,16,6,Sat,22
2023-04-23,2023,Q2,4,Apr,Apr 2023,2023-04,16,7,Sun,23
2023-04-24,2023,Q2,4,Apr,Apr 2023,2023-04,17,1,Mon,24
2023-04-25,2023,Q2,4,Apr,Apr 2023,2023-04,17,2,Tue,25
2023-04-26,2023,Q2,4,Apr,Apr 2023,2023-04,17,3,Wed,26
2023-04-27,2023,Q2,4,Apr,Apr 2023,2023-04,17,4,Thu,27
2023-04-28,2023,Q2,4,Apr,Apr 2023,2023-04,17,5,Fri,28
2023-04-29,2023,Q2,4,Apr,Apr 2023,2023-04,17,6,Sat,29
2023-04-30,2023,Q2,4,Apr,Apr 2023,2023-04,17,7,Sun,30
2023-05-01,2023,Q2,5,May,May 2023,2023-05,18,1,Mon,1
2023-05-02,2023,Q2,5,May,May 2023,2023-05,18,2,Tue,2
2023-05-03,2023,Q2,5,May,May 2023,2023-05,18,3,Wed,3
2023-05-04,2023,Q2,5,May,May 2023,2023-05,18,4,Thu,4
2023-05-05,2023,Q2,5,May,May 2023,2023-05,18,5,Fri,5
2023-05-06,2023,Q2,5,May,May 2023,2023-05,18,6,Sat,6
2023-05-07,2023,Q2,5,May,May 2023,2023-05,18,7,Sun,7
2023-05-08,2023,Q2,5,May,May 2023,2023-05,19,1,Mon,8
2023-05-09,2023,Q2,5,May,May 2023,2023-05,19,2,Tue,9
2023-05-10,2023,Q2,5,May,May 2023,2023-05,19,3,Wed,10
2023-05-11,2023,Q2,5,May,May 2023,2023-05,19,4,Thu,11
2023-05-12,2023,Q2,5,May,May 2023,2023-05,19,5,Fri,12
2023-05-13,2023,Q2,5,May,May 2023,2023-05,19,6,Sat,13
2023-05-14,2023,Q2,5,May,May 2023,2023-05,19,7,Sun,14
2023-05-15,2023,Q2,5,May,May 2023,2023-05,20,1,Mon,15
2023-05-16,2023,Q2,5,May,May 2023,2023-05,20,2,Tue,16
2023-05-17,2023,Q2,5,May,May 2023,2023-05,20,3,Wed,17
2023-05-18,2023,Q2,5,May,May 2023,2023-05,20,4,Thu,18
2023-05-19,2023,Q2,5,May,May 2023,2023-05,20,5,Fri,19
2023-05-20,2023,Q2,5,May,May 2023,2023-05,20,6,Sat,20
2023-05-21,2023,Q2,5,May,May 2023,2023-05,20,7,Sun,21
2023-05-22,2023,Q2,5,May,May 2023,2023-05,21,1,Mon,22
2023-05-23,2023,Q2,5,May,May 2023,2023-05,21,2,Tue,23
2023-05-24,2023,Q2,5,May,May 2023,2023-05,21,3,Wed,24
2023-05-25,2023,Q2,5,May,May 2023,2023-05,21,4,Thu,25
2023-05-26,2023,Q2,5,May,May 2023,2023-05,21,5,Fri,26
2023-05-27,2023,Q2,5,May,May 2023,2023-05,21,6,Sat,27
2023-05-28,2023,Q2,5,May,May 2023,2023-05,21,7,Sun,28
2023-05-29,2023,Q2,5,May,May 2023,2023-05,22,1,Mon,29
2023-05-30,2023,Q2,5,May,May 2023,2023-05,22,2,Tue,30
2023-05-31,2023,Q2,5,May,May 2023,2023-05,22,3,Wed,31
2023-06-01,2023,Q2,6,Jun,Jun 2023,2023-06,22,4,Thu,1
2023-06-02,2023,Q2,6,Jun,Jun 2023,2023-06,22,5,Fri,2
2023-06-03,2023,Q2,6,Jun,Jun 2023,2023-06,22,6,Sat,3
2023-06-04,2023,Q2,6,Jun,Jun 2023,2023-06,22,7,Sun,4
2023-06-05,2023,Q2,6,Jun,Jun 2023,2023-06,23,1,Mon,5
2023-06-06,2023,Q2,6,Jun,Jun 2023,2023-06,23,2,Tue,6
2023-06-07,2023,Q2,6,Jun,Jun 2023,2023-06,23,3,Wed,7
2023-06-08,2023,Q2,6,Jun,Jun 2023,2023-06,23,4,Thu,8
2023-06-09,2023,Q2,6,Jun,Jun 2023,2023-06,23,5,Fri,9
2023-06-10,2023,Q2,6,Jun,Jun 2023,2023-06,23,6,Sat,10
2023-06-11,2023,Q2,6,Jun,Jun 2023,2023-06,23,7,Sun,11
2023-06-12,2023,Q2,6,Jun,Jun 2023,2023-06,24,1,Mon,12
2023-06-13,2023,Q2,6,Jun,Jun 2023,2023-06,24,2,Tue,13
2023-06-14,2023,Q2,6,Jun,Jun 2023,2023-06,24,3,Wed,14
2023-06-15,2023,Q2,6,Jun,Jun 2023,2023-06,24,4,Thu,15
2023-06-16,2023,Q2,6,Jun,Jun 2023,2023-06,24,5,Fri,16
2023-06-17,2023,Q2,6,Jun,Jun 2023,2023-06,24,6,Sat,17
2023-06-18,2023,Q2,6,Jun,Jun 2023,2023-06,24,7,Sun,18
2023-06-19,2023,Q2,6,Jun,Jun 2023,2023-06,25,1,Mon,19
2023-06-20,2023,Q2,6,Jun,Jun 2023,2023-06,25,2,Tue,20
2023-06-21,2023,Q2,6,Jun,Jun 2023,2023-06,25,3,Wed,21
2023-06-22,2023,Q2,6,Jun,Jun 2023,2023-06,25,4,Thu,22
2023-06-23,2023,Q2,6,Jun,Jun 2023,2023-06,25,5,Fri,23
2023-06-24,2023,Q2,6,Jun,Jun 2023,2023-06,25,6,Sat,24
2023-06-25,2023,Q2,6,Jun,Jun 2023,2023-06,25,7,Sun,25
2023-06-26,2023,Q2,6,Jun,Jun 2023,2023-06,26,1,Mon,26
2023-06-27,2023,Q2,6,Jun,Jun 2023,2023-06,26,2,Tue,27
2023-06-28,2023,Q2,6,Jun,Jun 2023,2023-06,26,3,Wed,28
2023-06-29,2023,Q2,6,Jun,Jun 2023,2023-06,26,4,Thu,29
2023-06-30,2023,Q2,6,Jun,Jun 2023,2023-06,26,5,Fri,30
2023-07-01,2023,Q3,7,Jul,Jul 2023,2023-07,26,6,Sat,1
2023-07-02,2023,Q3,7,Jul,Jul 2023,2023-07,26,7,Sun,2
2023-07-03,2023,Q3,7,Jul,Jul 2023,2023-07,27,1,Mon,3
2023-07-04,2023,Q3,7,Jul,Jul 2023,2023-07,27,2,Tue,4
2023-07-05,2023,Q3,7,Jul,Jul 2023,2023-07,27,3,Wed,5
2023-07-06,2023,Q3,7,Jul,Jul 2023,2023-07,27,4,Thu,6
2023-07-07,2023,Q3,7,Jul,Jul 2023,2023-07,27,5,Fri,7
2023-07-08,2023,Q3,7,Jul,Jul 2023,2023-07,27,6,Sat,8
2023-07-09,2023,Q3,7,Jul,Jul 2023,2023-07,27,7,Sun,9
2023-07-10,2023,Q3,7,Jul,Jul 2023,2023-07,28,1,Mon,10
2023-07-11,2023,Q3,7,Jul,Jul 2023,2023-07,28,2,Tue,11
2023-07-12,2023,Q3,7,Jul,Jul 2023,2023-07,28,3,Wed,12
2023-07-13,2023,Q3,7,Jul,Jul 2023,2023-07,28,4,Thu,13
2023-07-14,2023,Q3,7,Jul,Jul 2023,2023-07,28,5,Fri,14
2023-07-15,2023,Q3,7,Jul,Jul 2023,2023-07,28,6,Sat,15
2023-07-16,2023,Q3,7,Jul,Jul 2023,2023-07,28,7,Sun,16
2023-07-17,2023,Q3,7,Jul,Jul 2023,2023-07,29,1,Mon,17
2023-07-18,2023,Q3,7,Jul,Jul 2023,2023-07,29,2,Tue,18
2023-07-19,2023,Q3,7,Jul,Jul 2023,2023-07,29,3,Wed,19
2023-07-20,2023,Q3,7,Jul,Jul 2023,2023-07,29,4,Thu,20
2023-07-21,2023,Q3,7,Jul,Jul 2023,2023-07,29,5,Fri,21
2023-07-22,2023,Q3,7,Jul,Jul 2023,2023-07,29,6,Sat,22
2023-07-23,2023,Q3,7,Jul,Jul 2023,2023-07,29,7,Sun,23
2023-07-24,2023,Q3,7,Jul,Jul 2023,2023-07,30,1,Mon,24
2023-07-25,2023,Q3,7,Jul,Jul 2023,2023-07,30,2,Tue,25
2023-07-26,2023,Q3,7,Jul,Jul 2023,2023-07,30,3,Wed,26
2023-07-27,2023,Q3,7,Jul,Jul 2023,2023-07,30,4,Thu,27
2023-07-28,2023,Q3,7,Jul,Jul 2023,2023-07,30,5,Fri,28
2023-07-29,2023,Q3,7,Jul,Jul 2023,2023-07,30,6,Sat,29
2023-07-30,2023,Q3,7,Jul,Jul 2023,2023-07,30,7,Sun,30
2023-07-31,2023,Q3,7,Jul,Jul 2023,2023-07,31,1,Mon,31
2023-08-01,2023,Q3,8,Aug,Aug 2023,2023-08,31,2,Tue,1
2023-08-02,2023,Q3,8,Aug,Aug 2023,2023-08,31,3,Wed,2
2023-08-03,2023,Q3,8,Aug,Aug 2023,2023-08,31,4,Thu,3
2023-08-04,2023,Q3,8,Aug,Aug 2023,2023-08,31,5,Fri,4
2023-08-05,2023,Q3,8,Aug,Aug 2023,2023-08,31,6,Sat,5
2023-08-06,2023,Q3,8,Aug,Aug 2023,2023-08,31,7,Sun,6
2023-08-07,2023,Q3,8,Aug,Aug 2023,2023-08,32,1,Mon,7
2023-08-08,2023,Q3,8,Aug,Aug 2023,2023-08,32,2,Tue,8
2023-08-09,2023,Q3,8,Aug,Aug 2023,2023-08,32,3,Wed,9
2023-08-10,2023,Q3,8,Aug,Aug 2023,2023-08,32,4,Thu,10
2023-08-11,2023,Q3,8,Aug,Aug 2023,2023-08,32,5,Fri,11
2023-08-12,2023,Q3,8,Aug,Aug 2023,2023-08,32,6,Sat,12
2023-08-13,2023,Q3,8,Aug,Aug 2023,2023-08,32,7,Sun,13
2023-08-14,2023,Q3,8,Aug,Aug 2023,2023-08,33,1,Mon,14
2023-08-15,2023,Q3,8,Aug,Aug 2023,2023-08,33,2,Tue,15
2023-08-16,2023,Q3,8,Aug,Aug 2023,2023-08,33,3,Wed,16
2023-08-17,2023,Q3,8,Aug,Aug 2023,2023-08,33,4,Thu,17
2023-08-18,2023,Q3,8,Aug,Aug 2023,2023-08,33,5,Fri,18
2023-08-19,2023,Q3,8,Aug,Aug 2023,2023-08,33,6,Sat,19
2023-08-20,2023,Q3,8,Aug,Aug 2023,2023-08,33,7,Sun,20
2023-08-21,2023,Q3,8,Aug,Aug 2023,2023-08,34,1,Mon,21
2023-08-22,2023,Q3,8,Aug,Aug 2023,2023-08,34,2,Tue,22
2023-08-23,2023,Q3,8,Aug,Aug 2023,2023-08,34,3,Wed,23
2023-08-24,2023,Q3,8,Aug,Aug 2023,2023-08,34,4,Thu,24
2023-08-25,2023,Q3,8,Aug,Aug 2023,2023-08,34,5,Fri,25
2023-08-26,2023,Q3,8,Aug,Aug 2023,2023-08,34,6,Sat,26
2023-08-27,2023,Q3,8,Aug,Aug 2023,2023-08,34,7,Sun,27
2023-08-28,2023,Q3,8,Aug,Aug 2023,2023-08,35,1,Mon,28
2023-08-29,2023,Q3,8,Aug,Aug 2023,2023-08,35,2,Tue,29
2023-08-30,2023,Q3,8,Aug,Aug 2023,2023-08,35,3,Wed,30
2023-08-31,2023,Q3,8,Aug,Aug 2023,2023-08,35,4,Thu,31
2023-09-01,2023,Q3,9,Sep,Sep 2023,2023-09,35,5,Fri,1
2023-09-02,2023,Q3,9,Sep,Sep 2023,2023-09,35,6,Sat,2
2023-09-03,2023,Q3,9,Sep,Sep 2023,2023-09,35,7,Sun,3
2023-09-04,2023,Q3,9,Sep,Sep 2023,2023-09,36,1,Mon,4
2023-09-05,2023,Q3,9,Sep,Sep 2023,2023-09,36,2,Tue,5
2023-09-06,2023,Q3,9,Sep,Sep 2023,2023-09,36,3,Wed,6
2023-09-07,2023,Q3,9,Sep,Sep 2023,2023-09,36,4,Thu,7
2023-09-08,2023,Q3,9,Sep,Sep 2023,2023-09,36,5,Fri,8
2023-09-09,2023,Q3,9,Sep,Sep 2023,2023-09,36,6,Sat,9
2023-09-10,2023,Q3,9,Sep,Sep 2023,2023-09,36,7,Sun,10
2023-09-11,2023,Q3,9,Sep,Sep 2023,2023-09,37,1,Mon,11
2023-09-12,2023,Q3,9,Sep,Sep 2023,2023-09,37,2,Tue,12
2023-09-13,2023,Q3,9,Sep,Sep 2023,2023-09,37,3,Wed,13
2023-09-14,2023,Q3,9,Sep,Sep 2023,2023-09,37,4,Thu,14
2023-09-15,2023,Q3,9,Sep,Sep 2023,2023-09,37,5,Fri,15
2023-09-16,2023,Q3,9,Sep,Sep 2023,2023-09,37,6,Sat,16
2023-09-17,2023,Q3,9,Sep,Sep 2023,2023-09,37,7,Sun,17
2023-09-18,2023,Q3,9,Sep,Sep 2023,2023-09,38,1,Mon,18
2023-09-19,2023,Q3,9,Sep,Sep 2023,2023-09,38,2,Tue,19
2023-09-20,2023,Q3,9,Sep,Sep 2023,2023-09,38,3,Wed,20
2023-09-21,2023,Q3,9,Sep,Sep 2023,2023-09,38,4,Thu,21
2023-09-22,2023,Q3,9,Sep,Sep 2023,2023-09,38,5,Fri,22
2023-09-23,2023,Q3,9,Sep,Sep 2023,2023-09,38,6,Sat,23
2023-09-24,2023,Q3,9,Sep,Sep 2023,2023-09,38,7,Sun,24
2023-09-25,2023,Q3,9,Sep,Sep 2023,2023-09,39,1,Mon,25
2023-09-26,2023,Q3,9,Sep,Sep 2023,2023-09,39,2,Tue,26
2023-09-27,2023,Q3,9,Sep,Sep 2023,2023-09,39,3,Wed,27
2023-09-28,2023,Q3,9,Sep,Sep 2023,2023-09,39,4,Thu,28
2023-09-29,2023,Q3,9,Sep,Sep 2023,2023-09,39,5,Fri,29
2023-09-30,2023,Q3,9,Sep,Sep 2023,2023-09,39,6,Sat,30
2023-10-01,2023,Q4,10,Oct,Oct 2023,2023-10,39,7,Sun,1
2023-10-02,2023,Q4,10,Oct,Oct 2023,2023-10,40,1,Mon,2
2023-10-03,2023,Q4,10,Oct,Oct 2023,2023-10,40,2,Tue,3
2023-10-04,2023,Q4,10,Oct,Oct 2023,2023-10,40,3,Wed,4
2023-10-05,2023,Q4,10,Oct,Oct 2023,2023-10,40,4,Thu,5
2023-10-06,2023,Q4,10,Oct,Oct 2023,2023-10,40,5,Fri,6
2023-10-07,2023,Q4,10,Oct,Oct 2023,2023-10,40,6,Sat,7
2023-10-08,2023,Q4,10,Oct,Oct 2023,2023-10,40,7,Sun,8
2023-10-09,2023,Q4,10,Oct,Oct 2023,2023-10,41,1,Mon,9
2023-10-10,2023,Q4,10,Oct,Oct 2023,2023-10,41,2,Tue,10
2023-10-11,2023,Q4,10,Oct,Oct 2023,2023-10,41,3,Wed,11
2023-10-12,2023,Q4,10,Oct,Oct 2023,2023-10,41,4,Thu,12
2023-10-13,2023,Q4,10,Oct,Oct 2023,2023-10,41,5,Fri,13
2023-10-14,2023,Q4,10,Oct,Oct 2023,2023-10,41,6,Sat,14
2023-10-15,2023,Q4,10,Oct,Oct 2023,2023-10,41,7,Sun,15
2023-10-16,2023,Q4,10,Oct,Oct 2023,2023-10,42,1,Mon,16
2023-10-17,2023,Q4,10,Oct,Oct 2023,2023-10,42,2,Tue,17
2023-10-18,2023,Q4,10,Oct,Oct 2023,2023-10,42,3,Wed,18
2023-10-19,2023,Q4,10,Oct,Oct 2023,2023-10,42,4,Thu,19
2023-10-20,2023,Q4,10,Oct,Oct 2023,2023-10,42,5,Fri,20
2023-10-21,2023,Q4,10,Oct,Oct 2023,2023-10,42,6,Sat,21
2023-10-22,2023,Q4,10,Oct,Oct 2023,2023-10,42,7,Sun,22
2023-10-23,2023,Q4,10,Oct,Oct 2023,2023-10,43,1,Mon,23
2023-10-24,2023,Q4,10,Oct,Oct 2023,2023-10,43,2,Tue,24
2023-10-25,2023,Q4,10,Oct,Oct 2023,2023-10,43,3,Wed,25
2023-10-26,2023,Q4,10,Oct,Oct 2023,2023-10,43,4,Thu,26
2023-10-27,2023,Q4,10,Oct,Oct 2023,2023-10,43,5,Fri,27
2023-10-28,2023,Q4,10,Oct,Oct 2023,2023-10,43,6,Sat,28
2023-10-29,2023,Q4,10,Oct,Oct 2023,2023-10,43,7,Sun,29
2023-10-30,2023,Q4,10,Oct,Oct 2023,2023-10,44,1,Mon,30
2023-10-31,2023,Q4,10,Oct,Oct 2023,2023-10,44,2,Tue,31
2023-11-01,2023,Q4,11,Nov,Nov 2023,2023-11,44,3,Wed,1
2023-11-02,2023,Q4,11,Nov,Nov 2023,2023-11,44,4,Thu,2
2023-11-03,2023,Q4,11,Nov,Nov 2023,2023-11,44,5,Fri,3
2023-11-04,2023,Q4,11,Nov,Nov 2023,2023-11,44,6,Sat,4
2023-11-05,2023,Q4,11,Nov,Nov 2023,2023-11,44,7,Sun,5
2023-11-06,2023,Q4,11,Nov,Nov 2023,2023-11,45,1,Mon,6
2023-11-07,2023,Q4,11,Nov,Nov 2023,2023-11,45,2,Tue,7
2023-11-08,2023,Q4,11,Nov,Nov 2023,2023-11,45,3,Wed,8
2023-11-09,2023,Q4,11,Nov,Nov 2023,2023-11,45,4,Thu,9
2023-11-10,2023,Q4,11,Nov,Nov 2023,2023-11,45,5,Fri,10
2023-11-11,2023,Q4,11,Nov,Nov 2023,2023-11,45,6,Sat,11
2023-11-12,2023,Q4,11,Nov,Nov 2023,2023-11,45,7,Sun,12
2023-11-13,2023,Q4,11,Nov,Nov 2023,2023-11,46,1,Mon,13
2023-11-14,2023,Q4,11,Nov,Nov 2023,2023-11,46,2,Tue,14
2023-11-15,2023,Q4,11,Nov,Nov 2023,2023-11,46,3,Wed,15
2023-11-16,2023,Q4,11,Nov,Nov 2023,2023-11,46,4,Thu,16
2023-11-17,2023,Q4,11,Nov,Nov 2023,2023-11,46,5,Fri,17
2023-11-18,2023,Q4,11,Nov,Nov 2023,2023-11,46,6,Sat,18
2023-11-19,2023,Q4,11,Nov,Nov 2023,2023-11,46,7,Sun,19
2023-11-20,2023,Q4,11,Nov,Nov 2023,2023-11,47,1,Mon,20
2023-11-21,2023,Q4,11,Nov,Nov 2023,2023-11,47,2,Tue,21
2023-11-22,2023,Q4,11,Nov,Nov 2023,2023-11,47,3,Wed,22
2023-11-23,2023,Q4,11,Nov,Nov 2023,2023-11,47,4,Thu,23
2023-11-24,2023,Q4,11,Nov,Nov 2023,2023-11,47,5,Fri,24
2023-11-25,2023,Q4,11,Nov,Nov 2023,2023-11,47,6,Sat,25
2023-11-26,2023,Q4,11,Nov,Nov 2023,2023-11,47,7,Sun,26
2023-11-27,2023,Q4,11,Nov,Nov 2023,2023-11,48,1,Mon,27
2023-11-28,2023,Q4,11,Nov,Nov 2023,2023-11,48,2,Tue,28
2023-11-29,2023,Q4,11,Nov,Nov 2023,2023-11,48,3,Wed,29
2023-11-30,2023,Q4,11,Nov,Nov 2023,2023-11,48,4,Thu,30
2023-12-01,2023,Q4,12,Dec,Dec 2023,2023-12,48,5,Fri,1
2023-12-02,2023,Q4,12,Dec,Dec 2023,2023-12,48,6,Sat,2
2023-12-03,2023,Q4,12,Dec,Dec 2023,2023-12,48,7,Sun,3
2023-12-04,2023,Q4,12,Dec,Dec 2023,2023-12,49,1,Mon,4
2023-12-05,2023,Q4,12,Dec,Dec 2023,2023-12,49,2,Tue,5
2023-12-06,2023,Q4,12,Dec,Dec 2023,2023-12,49,3,Wed,6
2023-12-07,2023,Q4,12,Dec,Dec 2023,2023-12,49,4,Thu,7
2023-12-08,2023,Q4,12,Dec,Dec 2023,2023-12,49,5,Fri,8
2023-12-09,2023,Q4,12,Dec,Dec 2023,2023-12,49,6,Sat,9
2023-12-10,2023,Q4,12,Dec,Dec 2023,2023-12,49,7,Sun,10
2023-12-11,2023,Q4,12,Dec,Dec 2023,2023-12,50,1,Mon,11
2023-12-12,2023,Q4,12,Dec,Dec 2023,2023-12,50,2,Tue,12
2023-12-13,2023,Q4,12,Dec,Dec 2023,2023-12,50,3,Wed,13
2023-12-14,2023,Q4,12,Dec,Dec 2023,2023-12,50,4,Thu,14
2023-12-15,2023,Q4,12,Dec,Dec 2023,2023-12,50,5,Fri,15
2023-12-16,2023,Q4,12,Dec,Dec 2023,2023-12,50,6,Sat,16
2023-12-17,2023,Q4,12,Dec,Dec 2023,2023-12,50,7,Sun,17
2023-12-18,2023,Q4,12,Dec,Dec 2023,2023-12,51,1,Mon,18
2023-12-19,2023,Q4,12,Dec,Dec 2023,2023-12,51,2,Tue,19
2023-12-20,2023,Q4,12,Dec,Dec 2023,2023-12,51,3,Wed,20
2023-12-21,2023,Q4,12,Dec,Dec 2023,2023-12,51,4,Thu,21
2023-12-22,2023,Q4,12,Dec,Dec 2023,2023-12,51,5,Fri,22
2023-12-23,2023,Q4,12,Dec,Dec 2023,2023-12,51,6,Sat,23
2023-12-24,2023,Q4,12,Dec,Dec 2023,2023-12,51,7,Sun,24
2023-12-25,2023,Q4,12,Dec,Dec 2023,2023-12,52,1,Mon,25
2023-12-26,2023,Q4,12,Dec,Dec 2023,2023-12,52,2,Tue,26
2023-12-27,2023,Q4,12,Dec,Dec 2023,2023-12,52,3,Wed,27
2023-12-28,2023,Q4,12,Dec,Dec 2023,2023-12,52,4,Thu,28
2023-12-29,2023,Q4,12,Dec,Dec 2023,2023-12,52,5,Fri,29
2023-12-30,2023,Q4,12,Dec,Dec 2023,2023-12,52,6,Sat,30
2023-12-31,2023,Q4,12,Dec,Dec 2023,2023-12,52,7,Sun,31
